{
  "auc_roc": 0.656929599044542,
  "auc_pr": 0.6293401043004339,
  "classification_report": {
    "0": {
      "precision": 0.6155309033280507,
      "recall": 0.7331068327670819,
      "f1-score": 0.6691936595451413,
      "support": 2649.0
    },
    "1": {
      "precision": 0.6168021680216802,
      "recall": 0.4840493407060825,
      "f1-score": 0.5424213536701621,
      "support": 2351.0
    },
    "accuracy": 0.616,
    "macro avg": {
      "precision": 0.6161665356748655,
      "recall": 0.6085780867365822,
      "f1-score": 0.6058075066076517,
      "support": 5000.0
    },
    "weighted avg": {
      "precision": 0.6161286519869953,
      "recall": 0.616,
      "f1-score": 0.6095853213227261,
      "support": 5000.0
    }
  }
}