{
  "auc_roc": 0.6580682035499219,
  "auc_pr": 0.628918762277611,
  "classification_report": {
    "0": {
      "precision": 0.6140791954745443,
      "recall": 0.7376368440921103,
      "f1-score": 0.6702109415194649,
      "support": 2649.0
    },
    "1": {
      "precision": 0.6177117711771177,
      "recall": 0.4776690769885155,
      "f1-score": 0.538738306548333,
      "support": 2351.0
    },
    "accuracy": 0.6154,
    "macro avg": {
      "precision": 0.615895483325831,
      "recall": 0.6076529605403129,
      "f1-score": 0.604474624033899,
      "support": 5000.0
    },
    "weighted avg": {
      "precision": 0.6157872325698943,
      "recall": 0.6154,
      "f1-score": 0.6083925085560387,
      "support": 5000.0
    }
  }
}